,name,popularity,genres,followers.total,term
0,Fleet Foxes,67,chamber pop,977965,Short Term
1,Fleet Foxes,67,freak folk,977965,Short Term
2,Fleet Foxes,67,indie folk,977965,Short Term
3,Fleet Foxes,67,indie pop,977965,Short Term
4,Fleet Foxes,67,indie rock,977965,Short Term
5,Fleet Foxes,67,modern rock,977965,Short Term
6,Fleet Foxes,67,seattle indie,977965,Short Term
7,Fleet Foxes,67,stomp and holler,977965,Short Term
8,Mtbrd,47,chillhop,12958,Short Term
9,Leon Bridges,78,modern blues,1024594,Short Term
10,Leon Bridges,78,soul,1024594,Short Term
11,Band of Horses,65,indie folk,807466,Short Term
12,Band of Horses,65,indie pop,807466,Short Term
13,Band of Horses,65,indie rock,807466,Short Term
14,Band of Horses,65,modern rock,807466,Short Term
15,Band of Horses,65,stomp and holler,807466,Short Term
16,Louis The Child,76,edm,363521,Short Term
17,Louis The Child,76,electropop,363521,Short Term
18,Louis The Child,76,indie poptimism,363521,Short Term
19,Louis The Child,76,pop,363521,Short Term
20,Louis The Child,76,tropical house,363521,Short Term
21,Masego,74,alternative r&b,609448,Short Term
22,Masego,74,indie soul,609448,Short Term
23,Frank Ocean,87,alternative r&b,5925026,Short Term
24,Frank Ocean,87,hip hop,5925026,Short Term
25,Frank Ocean,87,lgbtq+ hip hop,5925026,Short Term
26,Frank Ocean,87,neo soul,5925026,Short Term
27,Frank Ocean,87,pop,5925026,Short Term
28,J. Cole,89,conscious hip hop,11141303,Short Term
29,J. Cole,89,hip hop,11141303,Short Term
30,J. Cole,89,north carolina hip hop,11141303,Short Term
31,J. Cole,89,pop rap,11141303,Short Term
32,J. Cole,89,rap,11141303,Short Term
33,Moses Gunn Collective,49,indie garage rock,41816,Short Term
34,Moses Gunn Collective,49,neo-psychedelic,41816,Short Term
35,Tep No,63,deep house,69313,Short Term
36,Tep No,63,deep tropical house,69313,Short Term
37,Tep No,63,indie poptimism,69313,Short Term
38,Tep No,63,new french touch,69313,Short Term
39,Tep No,63,tropical house,69313,Short Term
40,Tep No,63,vapor soul,69313,Short Term
41,Medasin,66,edm,77003,Short Term
42,Medasin,66,electronic trap,77003,Short Term
43,Medasin,66,electropop,77003,Short Term
44,Medasin,66,indietronica,77003,Short Term
45,Medasin,66,vapor soul,77003,Short Term
46,Medasin,66,vapor twitch,77003,Short Term
47,BRONSON,60,edm,13887,Short Term
48,BRONSON,60,vapor twitch,13887,Short Term
49,Chicano Batman,58,la indie,139632,Short Term
50,Khruangbin,77,funk,626691,Short Term
51,Khruangbin,77,neo-psychedelic,626691,Short Term
52,Khruangbin,77,soul,626691,Short Term
53,NoMBe,66,electropop,137879,Short Term
54,NoMBe,66,indie poptimism,137879,Short Term
55,NoMBe,66,indietronica,137879,Short Term
56,NoMBe,66,modern alternative rock,137879,Short Term
57,NoMBe,66,modern rock,137879,Short Term
58,NoMBe,66,vapor soul,137879,Short Term
59,pluko,57,bass trap,29121,Short Term
60,pluko,57,edm,29121,Short Term
61,pluko,57,electronic trap,29121,Short Term
62,pluko,57,pop edm,29121,Short Term
63,pluko,57,vapor soul,29121,Short Term
64,pluko,57,vapor twitch,29121,Short Term
65,Daniel Hart,38,,5964,Short Term
66,Oxlade,56,afropop,5089,Short Term
67,Oxlade,56,nigerian pop,5089,Short Term
68,Manila Killa,57,edm,50192,Short Term
69,Manila Killa,57,electropop,50192,Short Term
70,Manila Killa,57,indie electropop,50192,Short Term
71,Manila Killa,57,indie poptimism,50192,Short Term
72,Manila Killa,57,indietronica,50192,Short Term
73,Manila Killa,57,pop edm,50192,Short Term
74,Manila Killa,57,vapor soul,50192,Short Term
75,Manila Killa,57,vapor twitch,50192,Short Term
76,Ben Howard,73,british singer-songwriter,1727002,Short Term
77,Ben Howard,73,fingerstyle,1727002,Short Term
78,Ben Howard,73,folk-pop,1727002,Short Term
79,Ben Howard,73,indie folk,1727002,Short Term
80,Ben Howard,73,neo mellow,1727002,Short Term
81,Ben Howard,73,stomp and holler,1727002,Short Term
82,Disclosure,82,house,1754865,Short Term
83,Disclosure,82,pop,1754865,Short Term
84,Disclosure,82,tropical house,1754865,Short Term
85,Disclosure,82,uk dance,1754865,Short Term
86,Madeon,66,big room,527241,Short Term
87,Madeon,66,complextro,527241,Short Term
88,Madeon,66,edm,527241,Short Term
89,Madeon,66,electro house,527241,Short Term
90,Madeon,66,electropop,527241,Short Term
91,Madeon,66,filter house,527241,Short Term
92,Mac Miller,87,hip hop,4490046,Short Term
93,Mac Miller,87,pittsburgh rap,4490046,Short Term
94,Mac Miller,87,pop rap,4490046,Short Term
95,Mac Miller,87,rap,4490046,Short Term
96,BAYNK,65,alternative r&b,62716,Short Term
97,BAYNK,65,edm,62716,Short Term
98,BAYNK,65,electropop,62716,Short Term
99,BAYNK,65,indie poptimism,62716,Short Term
100,BAYNK,65,indie soul,62716,Short Term
101,BAYNK,65,indietronica,62716,Short Term
102,BAYNK,65,new french touch,62716,Short Term
103,BAYNK,65,tropical house,62716,Short Term
104,BAYNK,65,vapor soul,62716,Short Term
105,BAYNK,65,vapor twitch,62716,Short Term
106,Day Wave,58,bay area indie,89764,Short Term
107,Day Wave,58,chillwave,89764,Short Term
108,Day Wave,58,indie pop,89764,Short Term
109,Day Wave,58,indie poptimism,89764,Short Term
110,Day Wave,58,indie rock,89764,Short Term
111,Day Wave,58,indietronica,89764,Short Term
112,Day Wave,58,oakland indie,89764,Short Term
113,Day Wave,58,shimmer pop,89764,Short Term
114,Tycho,66,chillwave,563607,Short Term
115,Tycho,66,downtempo,563607,Short Term
116,Tycho,66,electronica,563607,Short Term
117,Tycho,66,indietronica,563607,Short Term
118,Tycho,66,intelligent dance music,563607,Short Term
119,glue70,52,future funk,28190,Short Term
120,A$AP Rocky,87,east coast hip hop,7134226,Short Term
121,A$AP Rocky,87,hip hop,7134226,Short Term
122,A$AP Rocky,87,pop rap,7134226,Short Term
123,A$AP Rocky,87,rap,7134226,Short Term
124,A$AP Rocky,87,southern hip hop,7134226,Short Term
125,A$AP Rocky,87,trap,7134226,Short Term
126,Tennis,59,art pop,188070,Short Term
127,Tennis,59,chillwave,188070,Short Term
128,Tennis,59,denver indie,188070,Short Term
129,Tennis,59,electropop,188070,Short Term
130,Tennis,59,indie pop,188070,Short Term
131,Tennis,59,indie rock,188070,Short Term
132,Tennis,59,indie surf,188070,Short Term
133,Tennis,59,shimmer pop,188070,Short Term
134,Miguel,82,dance pop,2851836,Short Term
135,Miguel,82,pop,2851836,Short Term
136,Miguel,82,pop rap,2851836,Short Term
137,Miguel,82,r&b,2851836,Short Term
138,Miguel,82,urban contemporary,2851836,Short Term
139,Joey Pecoraro,62,chillhop,90746,Short Term
140,Joey Pecoraro,62,lo-fi beats,90746,Short Term
141,Vanilla,53,chillhop,25547,Short Term
142,Vanilla,53,future funk,25547,Short Term
143,Massane,41,organic house,1661,Short Term
144,Local Natives,67,electropop,501839,Short Term
145,Local Natives,67,indie folk,501839,Short Term
146,Local Natives,67,indie pop,501839,Short Term
147,Local Natives,67,indie rock,501839,Short Term
148,Local Natives,67,la indie,501839,Short Term
149,Local Natives,67,modern rock,501839,Short Term
150,Local Natives,67,rock,501839,Short Term
151,Local Natives,67,shimmer pop,501839,Short Term
152,Local Natives,67,stomp and holler,501839,Short Term
153,Local Natives,67,vapor soul,501839,Short Term
154,Big Wild,67,electropop,147509,Short Term
155,Big Wild,67,indie poptimism,147509,Short Term
156,Big Wild,67,indietronica,147509,Short Term
157,Big Wild,67,vapor soul,147509,Short Term
158,Big Wild,67,vapor twitch,147509,Short Term
159,San Holo,68,edm,564883,Short Term
160,San Holo,68,electro house,564883,Short Term
161,San Holo,68,electronic trap,564883,Short Term
162,San Holo,68,electropop,564883,Short Term
163,San Holo,68,pop edm,564883,Short Term
164,San Holo,68,vapor twitch,564883,Short Term
165,Kasbo,64,catstep,99711,Short Term
166,Kasbo,64,edm,99711,Short Term
167,Kasbo,64,electropop,99711,Short Term
168,Kasbo,64,indie electropop,99711,Short Term
169,Kasbo,64,indie poptimism,99711,Short Term
170,Kasbo,64,indietronica,99711,Short Term
171,Kasbo,64,new french touch,99711,Short Term
172,Kasbo,64,pop edm,99711,Short Term
173,Kasbo,64,swedish electropop,99711,Short Term
174,Kasbo,64,tropical house,99711,Short Term
175,Kasbo,64,vapor soul,99711,Short Term
176,Kasbo,64,vapor twitch,99711,Short Term
177,Lane 8,69,gauze pop,185372,Short Term
178,Lane 8,69,progressive house,185372,Short Term
179,Lane 8,69,tropical house,185372,Short Term
180,Tourist,63,chillwave,104424,Short Term
181,Tourist,63,electronica,104424,Short Term
182,Tourist,63,indie soul,104424,Short Term
183,Tourist,63,indietronica,104424,Short Term
184,Tourist,63,new french touch,104424,Short Term
185,Tourist,63,shimmer pop,104424,Short Term
186,Tourist,63,tropical house,104424,Short Term
187,Tourist,63,vapor soul,104424,Short Term
188,Jesse Daniel Smith,39,indiecoustica,6444,Short Term
189,yaeow,64,,5428,Short Term
190,Robotaki,54,vapor soul,36258,Short Term
191,Robotaki,54,vapor twitch,36258,Short Term
192,Chet Faker,69,,53448,Short Term
193,Sons Of The East,57,australian indie folk,92633,Short Term
194,Sons Of The East,57,folk-pop,92633,Short Term
195,Sons Of The East,57,indie anthem-folk,92633,Short Term
196,Sons Of The East,57,indie folk,92633,Short Term
197,Sons Of The East,57,stomp and holler,92633,Short Term
198,Yoke Lore,66,electropop,89478,Short Term
199,Yoke Lore,66,indie folk,89478,Short Term
200,Yoke Lore,66,indie pop,89478,Short Term
201,Yoke Lore,66,indie poptimism,89478,Short Term
202,Yoke Lore,66,indietronica,89478,Short Term
203,Yoke Lore,66,nyc pop,89478,Short Term
204,Yoke Lore,66,stomp and holler,89478,Short Term
205,Yoke Lore,66,vapor soul,89478,Short Term
206,Beach Fossils,64,brooklyn indie,345935,Short Term
207,Beach Fossils,64,chillwave,345935,Short Term
208,Beach Fossils,64,indie garage rock,345935,Short Term
209,Beach Fossils,64,indie pop,345935,Short Term
210,Beach Fossils,64,indie rock,345935,Short Term
211,Beach Fossils,64,indie surf,345935,Short Term
212,Beach Fossils,64,indietronica,345935,Short Term
213,Beach Fossils,64,nu gaze,345935,Short Term
214,Beach Fossils,64,popgaze,345935,Short Term
215,Beach Fossils,64,shoegaze,345935,Short Term
216,Babe Rainbow,58,australian garage punk,104653,Short Term
217,Babe Rainbow,58,australian reggae fusion,104653,Short Term
218,Babe Rainbow,58,indie garage rock,104653,Short Term
219,Babe Rainbow,58,neo-psychedelic,104653,Short Term
220,Mt. Joy,70,indie folk,157331,Short Term
221,Mt. Joy,70,indie pop,157331,Short Term
222,Mt. Joy,70,indie rock,157331,Short Term
223,Mt. Joy,70,modern rock,157331,Short Term
224,Mt. Joy,70,stomp and holler,157331,Short Term
225,Mac DeMarco,77,edmonton indie,1506346,Short Term
226,Mr. Carmack,50,electronic trap,71340,Short Term
227,Mr. Carmack,50,vapor twitch,71340,Short Term
228,Masego,74,alternative r&b,609448,Medium Term
229,Masego,74,indie soul,609448,Medium Term
230,Fleet Foxes,67,chamber pop,977965,Medium Term
231,Fleet Foxes,67,freak folk,977965,Medium Term
232,Fleet Foxes,67,indie folk,977965,Medium Term
233,Fleet Foxes,67,indie pop,977965,Medium Term
234,Fleet Foxes,67,indie rock,977965,Medium Term
235,Fleet Foxes,67,modern rock,977965,Medium Term
236,Fleet Foxes,67,seattle indie,977965,Medium Term
237,Fleet Foxes,67,stomp and holler,977965,Medium Term
238,Frank Ocean,87,alternative r&b,5925026,Medium Term
239,Frank Ocean,87,hip hop,5925026,Medium Term
240,Frank Ocean,87,lgbtq+ hip hop,5925026,Medium Term
241,Frank Ocean,87,neo soul,5925026,Medium Term
242,Frank Ocean,87,pop,5925026,Medium Term
243,Lane 8,69,gauze pop,185372,Medium Term
244,Lane 8,69,progressive house,185372,Medium Term
245,Lane 8,69,tropical house,185372,Medium Term
246,Khruangbin,77,funk,626691,Medium Term
247,Khruangbin,77,neo-psychedelic,626691,Medium Term
248,Khruangbin,77,soul,626691,Medium Term
249,Local Natives,67,electropop,501839,Medium Term
250,Local Natives,67,indie folk,501839,Medium Term
251,Local Natives,67,indie pop,501839,Medium Term
252,Local Natives,67,indie rock,501839,Medium Term
253,Local Natives,67,la indie,501839,Medium Term
254,Local Natives,67,modern rock,501839,Medium Term
255,Local Natives,67,rock,501839,Medium Term
256,Local Natives,67,shimmer pop,501839,Medium Term
257,Local Natives,67,stomp and holler,501839,Medium Term
258,Local Natives,67,vapor soul,501839,Medium Term
259,Mtbrd,47,chillhop,12958,Medium Term
260,Robotaki,54,vapor soul,36258,Medium Term
261,Robotaki,54,vapor twitch,36258,Medium Term
262,Tycho,66,chillwave,563607,Medium Term
263,Tycho,66,downtempo,563607,Medium Term
264,Tycho,66,electronica,563607,Medium Term
265,Tycho,66,indietronica,563607,Medium Term
266,Tycho,66,intelligent dance music,563607,Medium Term
267,Tep No,63,deep house,69313,Medium Term
268,Tep No,63,deep tropical house,69313,Medium Term
269,Tep No,63,indie poptimism,69313,Medium Term
270,Tep No,63,new french touch,69313,Medium Term
271,Tep No,63,tropical house,69313,Medium Term
272,Tep No,63,vapor soul,69313,Medium Term
273,Leon Bridges,78,modern blues,1024594,Medium Term
274,Leon Bridges,78,soul,1024594,Medium Term
275,Yoke Lore,66,electropop,89478,Medium Term
276,Yoke Lore,66,indie folk,89478,Medium Term
277,Yoke Lore,66,indie pop,89478,Medium Term
278,Yoke Lore,66,indie poptimism,89478,Medium Term
279,Yoke Lore,66,indietronica,89478,Medium Term
280,Yoke Lore,66,nyc pop,89478,Medium Term
281,Yoke Lore,66,stomp and holler,89478,Medium Term
282,Yoke Lore,66,vapor soul,89478,Medium Term
283,Day Wave,58,bay area indie,89764,Medium Term
284,Day Wave,58,chillwave,89764,Medium Term
285,Day Wave,58,indie pop,89764,Medium Term
286,Day Wave,58,indie poptimism,89764,Medium Term
287,Day Wave,58,indie rock,89764,Medium Term
288,Day Wave,58,indietronica,89764,Medium Term
289,Day Wave,58,oakland indie,89764,Medium Term
290,Day Wave,58,shimmer pop,89764,Medium Term
291,M83,75,french shoegaze,1726426,Medium Term
292,M83,75,metropopolis,1726426,Medium Term
293,M83,75,neo-synthpop,1726426,Medium Term
294,Louis The Child,76,edm,363521,Medium Term
295,Louis The Child,76,electropop,363521,Medium Term
296,Louis The Child,76,indie poptimism,363521,Medium Term
297,Louis The Child,76,pop,363521,Medium Term
298,Louis The Child,76,tropical house,363521,Medium Term
299,Ekali,62,brostep,111877,Medium Term
300,Ekali,62,canadian electronic,111877,Medium Term
301,Ekali,62,edm,111877,Medium Term
302,Ekali,62,electro house,111877,Medium Term
303,Ekali,62,electronic trap,111877,Medium Term
304,Ekali,62,electropop,111877,Medium Term
305,Ekali,62,pop,111877,Medium Term
306,Ekali,62,pop edm,111877,Medium Term
307,Ekali,62,vapor twitch,111877,Medium Term
308,Toro y Moi,70,alternative dance,515790,Medium Term
309,Toro y Moi,70,art pop,515790,Medium Term
310,Toro y Moi,70,chillwave,515790,Medium Term
311,Toro y Moi,70,indie pop,515790,Medium Term
312,Toro y Moi,70,indie soul,515790,Medium Term
313,Toro y Moi,70,indietronica,515790,Medium Term
314,Toro y Moi,70,new rave,515790,Medium Term
315,Toro y Moi,70,nu gaze,515790,Medium Term
316,Mr. Carmack,50,electronic trap,71340,Medium Term
317,Mr. Carmack,50,vapor twitch,71340,Medium Term
318,Band of Horses,65,indie folk,807466,Medium Term
319,Band of Horses,65,indie pop,807466,Medium Term
320,Band of Horses,65,indie rock,807466,Medium Term
321,Band of Horses,65,modern rock,807466,Medium Term
322,Band of Horses,65,stomp and holler,807466,Medium Term
323,James Blake,74,art pop,1005604,Medium Term
324,James Blake,74,electronica,1005604,Medium Term
325,James Blake,74,indie r&b,1005604,Medium Term
326,James Blake,74,indie soul,1005604,Medium Term
327,James Blake,74,indietronica,1005604,Medium Term
328,James Blake,74,uk alternative pop,1005604,Medium Term
329,Disclosure,82,house,1754865,Medium Term
330,Disclosure,82,pop,1754865,Medium Term
331,Disclosure,82,tropical house,1754865,Medium Term
332,Disclosure,82,uk dance,1754865,Medium Term
333,NoMBe,66,electropop,137879,Medium Term
334,NoMBe,66,indie poptimism,137879,Medium Term
335,NoMBe,66,indietronica,137879,Medium Term
336,NoMBe,66,modern alternative rock,137879,Medium Term
337,NoMBe,66,modern rock,137879,Medium Term
338,NoMBe,66,vapor soul,137879,Medium Term
339,BAYNK,65,alternative r&b,62716,Medium Term
340,BAYNK,65,edm,62716,Medium Term
341,BAYNK,65,electropop,62716,Medium Term
342,BAYNK,65,indie poptimism,62716,Medium Term
343,BAYNK,65,indie soul,62716,Medium Term
344,BAYNK,65,indietronica,62716,Medium Term
345,BAYNK,65,new french touch,62716,Medium Term
346,BAYNK,65,tropical house,62716,Medium Term
347,BAYNK,65,vapor soul,62716,Medium Term
348,BAYNK,65,vapor twitch,62716,Medium Term
349,Alec Benjamin,83,pop,1759655,Medium Term
350,Glass Animals,76,gauze pop,1165342,Medium Term
351,Glass Animals,76,modern rock,1165342,Medium Term
352,Glass Animals,76,shiver pop,1165342,Medium Term
353,Emancipator,63,downtempo,295411,Medium Term
354,Emancipator,63,electronica,295411,Medium Term
355,Emancipator,63,livetronica,295411,Medium Term
356,Emancipator,63,nu jazz,295411,Medium Term
357,Emancipator,63,trip hop,295411,Medium Term
358,Chicano Batman,58,la indie,139632,Medium Term
359,Jamie xx,66,electronica,598195,Medium Term
360,Jamie xx,66,future garage,598195,Medium Term
361,Jamie xx,66,indie soul,598195,Medium Term
362,Jamie xx,66,indietronica,598195,Medium Term
363,Jamie xx,66,new rave,598195,Medium Term
364,Hollow Coves,64,indie anthem-folk,167444,Medium Term
365,Hollow Coves,64,indie folk,167444,Medium Term
366,Hollow Coves,64,indiecoustica,167444,Medium Term
367,Hollow Coves,64,stomp and holler,167444,Medium Term
368,Martin Garrix,86,big room,13345964,Medium Term
369,Martin Garrix,86,edm,13345964,Medium Term
370,Martin Garrix,86,electro house,13345964,Medium Term
371,Martin Garrix,86,pop,13345964,Medium Term
372,Martin Garrix,86,progressive house,13345964,Medium Term
373,Martin Garrix,86,tropical house,13345964,Medium Term
374,Shallou,71,electropop,137319,Medium Term
375,Shallou,71,indie poptimism,137319,Medium Term
376,Shallou,71,indietronica,137319,Medium Term
377,Shallou,71,new french touch,137319,Medium Term
378,Shallou,71,pop,137319,Medium Term
379,Shallou,71,tropical house,137319,Medium Term
380,Shallou,71,vapor soul,137319,Medium Term
381,SG Lewis,73,alternative r&b,189839,Medium Term
382,SG Lewis,73,edm,189839,Medium Term
383,SG Lewis,73,electropop,189839,Medium Term
384,SG Lewis,73,indie soul,189839,Medium Term
385,SG Lewis,73,new french touch,189839,Medium Term
386,SG Lewis,73,tropical house,189839,Medium Term
387,SG Lewis,73,vapor soul,189839,Medium Term
388,Tourist,63,chillwave,104424,Medium Term
389,Tourist,63,electronica,104424,Medium Term
390,Tourist,63,indie soul,104424,Medium Term
391,Tourist,63,indietronica,104424,Medium Term
392,Tourist,63,new french touch,104424,Medium Term
393,Tourist,63,shimmer pop,104424,Medium Term
394,Tourist,63,tropical house,104424,Medium Term
395,Tourist,63,vapor soul,104424,Medium Term
396,Fleetwood Mac,84,album rock,4783976,Medium Term
397,Fleetwood Mac,84,classic rock,4783976,Medium Term
398,Fleetwood Mac,84,mellow gold,4783976,Medium Term
399,Fleetwood Mac,84,rock,4783976,Medium Term
400,Fleetwood Mac,84,soft rock,4783976,Medium Term
401,Fleetwood Mac,84,yacht rock,4783976,Medium Term
402,Caribou,67,alternative dance,478957,Medium Term
403,Caribou,67,art pop,478957,Medium Term
404,Caribou,67,chillwave,478957,Medium Term
405,Caribou,67,electronica,478957,Medium Term
406,Caribou,67,electropop,478957,Medium Term
407,Caribou,67,folktronica,478957,Medium Term
408,Caribou,67,indie rock,478957,Medium Term
409,Caribou,67,indie soul,478957,Medium Term
410,Caribou,67,indietronica,478957,Medium Term
411,Caribou,67,intelligent dance music,478957,Medium Term
412,Caribou,67,new rave,478957,Medium Term
413,Audien,64,big room,145052,Medium Term
414,Audien,64,edm,145052,Medium Term
415,Audien,64,electro house,145052,Medium Term
416,Audien,64,pop edm,145052,Medium Term
417,Audien,64,progressive electro house,145052,Medium Term
418,Audien,64,progressive house,145052,Medium Term
419,Audien,64,tropical house,145052,Medium Term
420,Sizzle Bird,45,chillstep,14354,Medium Term
421,Medasin,66,edm,77003,Medium Term
422,Medasin,66,electronic trap,77003,Medium Term
423,Medasin,66,electropop,77003,Medium Term
424,Medasin,66,indietronica,77003,Medium Term
425,Medasin,66,vapor soul,77003,Medium Term
426,Medasin,66,vapor twitch,77003,Medium Term
427,Dr. Dog,65,alternative rock,314465,Medium Term
428,Dr. Dog,65,indie folk,314465,Medium Term
429,Dr. Dog,65,indie pop,314465,Medium Term
430,Dr. Dog,65,indie rock,314465,Medium Term
431,Dr. Dog,65,modern folk rock,314465,Medium Term
432,Dr. Dog,65,modern rock,314465,Medium Term
433,Dr. Dog,65,philly indie,314465,Medium Term
434,Dr. Dog,65,shimmer pop,314465,Medium Term
435,Dr. Dog,65,stomp and holler,314465,Medium Term
436,dj poolboi,49,,15702,Medium Term
437,J. Cole,89,conscious hip hop,11141303,Medium Term
438,J. Cole,89,hip hop,11141303,Medium Term
439,J. Cole,89,north carolina hip hop,11141303,Medium Term
440,J. Cole,89,pop rap,11141303,Medium Term
441,J. Cole,89,rap,11141303,Medium Term
442,Rebelution,71,reggae rock,590665,Medium Term
443,Moses Gunn Collective,49,indie garage rock,41816,Medium Term
444,Moses Gunn Collective,49,neo-psychedelic,41816,Medium Term
445,DJ Grumble,43,chillhop,9301,Medium Term
446,DJ Grumble,43,jazz boom bap,9301,Medium Term
447,Win and Woo,53,edm,37908,Medium Term
448,Win and Woo,53,indie electropop,37908,Medium Term
449,Win and Woo,53,indie poptimism,37908,Medium Term
450,Win and Woo,53,pop edm,37908,Medium Term
451,Win and Woo,53,tropical house,37908,Medium Term
452,Kygo,91,edm,6461487,Medium Term
453,Kygo,91,pop,6461487,Medium Term
454,Kygo,91,tropical house,6461487,Medium Term
455,Jai Wolf,65,edm,204193,Medium Term
456,Jai Wolf,65,electropop,204193,Medium Term
457,Jai Wolf,65,indie poptimism,204193,Medium Term
458,Jai Wolf,65,indietronica,204193,Medium Term
459,Jai Wolf,65,pop edm,204193,Medium Term
460,Jai Wolf,65,tropical house,204193,Medium Term
461,Jai Wolf,65,vapor soul,204193,Medium Term
462,Jai Wolf,65,vapor twitch,204193,Medium Term
463,Mac Miller,87,hip hop,4490046,Medium Term
464,Mac Miller,87,pittsburgh rap,4490046,Medium Term
465,Mac Miller,87,pop rap,4490046,Medium Term
466,Mac Miller,87,rap,4490046,Medium Term
467,Sons Of The East,57,australian indie folk,92633,Medium Term
468,Sons Of The East,57,folk-pop,92633,Medium Term
469,Sons Of The East,57,indie anthem-folk,92633,Medium Term
470,Sons Of The East,57,indie folk,92633,Medium Term
471,Sons Of The East,57,stomp and holler,92633,Medium Term
472,Maribou State,69,electronica,204472,Medium Term
473,Maribou State,69,future garage,204472,Medium Term
474,Maribou State,69,indie soul,204472,Medium Term
475,Tycho,66,chillwave,563607,Long Term
476,Tycho,66,downtempo,563607,Long Term
477,Tycho,66,electronica,563607,Long Term
478,Tycho,66,indietronica,563607,Long Term
479,Tycho,66,intelligent dance music,563607,Long Term
480,ODESZA,76,chillwave,1134956,Long Term
481,ODESZA,76,ninja,1134956,Long Term
482,Sizzle Bird,45,chillstep,14354,Long Term
483,Local Natives,67,electropop,501839,Long Term
484,Local Natives,67,indie folk,501839,Long Term
485,Local Natives,67,indie pop,501839,Long Term
486,Local Natives,67,indie rock,501839,Long Term
487,Local Natives,67,la indie,501839,Long Term
488,Local Natives,67,modern rock,501839,Long Term
489,Local Natives,67,rock,501839,Long Term
490,Local Natives,67,shimmer pop,501839,Long Term
491,Local Natives,67,stomp and holler,501839,Long Term
492,Local Natives,67,vapor soul,501839,Long Term
493,J. Cole,89,conscious hip hop,11141303,Long Term
494,J. Cole,89,hip hop,11141303,Long Term
495,J. Cole,89,north carolina hip hop,11141303,Long Term
496,J. Cole,89,pop rap,11141303,Long Term
497,J. Cole,89,rap,11141303,Long Term
498,Emancipator,63,downtempo,295411,Long Term
499,Emancipator,63,electronica,295411,Long Term
500,Emancipator,63,livetronica,295411,Long Term
501,Emancipator,63,nu jazz,295411,Long Term
502,Emancipator,63,trip hop,295411,Long Term
503,Sons Of The East,57,australian indie folk,92633,Long Term
504,Sons Of The East,57,folk-pop,92633,Long Term
505,Sons Of The East,57,indie anthem-folk,92633,Long Term
506,Sons Of The East,57,indie folk,92633,Long Term
507,Sons Of The East,57,stomp and holler,92633,Long Term
508,Robotaki,54,vapor soul,36258,Long Term
509,Robotaki,54,vapor twitch,36258,Long Term
510,Thrupence,45,aussietronica,23611,Long Term
511,M83,75,french shoegaze,1726426,Long Term
512,M83,75,metropopolis,1726426,Long Term
513,M83,75,neo-synthpop,1726426,Long Term
514,Galantis,80,big room,2926903,Long Term
515,Galantis,80,dance pop,2926903,Long Term
516,Galantis,80,edm,2926903,Long Term
517,Galantis,80,electro house,2926903,Long Term
518,Galantis,80,pop,2926903,Long Term
519,Galantis,80,tropical house,2926903,Long Term
520,Third Eye Blind,70,alternative rock,973331,Long Term
521,Third Eye Blind,70,neo mellow,973331,Long Term
522,Third Eye Blind,70,pop rock,973331,Long Term
523,Third Eye Blind,70,post-grunge,973331,Long Term
524,Third Eye Blind,70,rock,973331,Long Term
525,San Holo,68,edm,564883,Long Term
526,San Holo,68,electro house,564883,Long Term
527,San Holo,68,electronic trap,564883,Long Term
528,San Holo,68,electropop,564883,Long Term
529,San Holo,68,pop edm,564883,Long Term
530,San Holo,68,vapor twitch,564883,Long Term
531,Vance Joy,79,folk-pop,2066729,Long Term
532,Vance Joy,79,modern rock,2066729,Long Term
533,Vance Joy,79,neo mellow,2066729,Long Term
534,Vance Joy,79,pop,2066729,Long Term
535,Vance Joy,79,pop rock,2066729,Long Term
536,Cold War Kids,67,indie pop,639130,Long Term
537,Cold War Kids,67,indie rock,639130,Long Term
538,Cold War Kids,67,modern alternative rock,639130,Long Term
539,Cold War Kids,67,modern rock,639130,Long Term
540,Cold War Kids,67,piano rock,639130,Long Term
541,Cold War Kids,67,pop rock,639130,Long Term
542,Cold War Kids,67,rock,639130,Long Term
543,Cold War Kids,67,stomp and holler,639130,Long Term
544,Bonobo,69,downtempo,1018403,Long Term
545,Bonobo,69,electronica,1018403,Long Term
546,Bonobo,69,jazztronica,1018403,Long Term
547,Bonobo,69,ninja,1018403,Long Term
548,Bonobo,69,nu jazz,1018403,Long Term
549,Bonobo,69,trip hop,1018403,Long Term
550,Dillon Francis,71,big room,991356,Long Term
551,Dillon Francis,71,brostep,991356,Long Term
552,Dillon Francis,71,dance pop,991356,Long Term
553,Dillon Francis,71,edm,991356,Long Term
554,Dillon Francis,71,electro house,991356,Long Term
555,Dillon Francis,71,electronic trap,991356,Long Term
556,Dillon Francis,71,electropop,991356,Long Term
557,Dillon Francis,71,moombahton,991356,Long Term
558,Dillon Francis,71,pop,991356,Long Term
559,Dillon Francis,71,tropical house,991356,Long Term
560,Flume,79,australian dance,2019956,Long Term
561,Flume,79,australian electropop,2019956,Long Term
562,Flume,79,australian indie,2019956,Long Term
563,Flume,79,downtempo,2019956,Long Term
564,Flume,79,edm,2019956,Long Term
565,Flume,79,pop,2019956,Long Term
566,Kygo,91,edm,6461487,Long Term
567,Kygo,91,pop,6461487,Long Term
568,Kygo,91,tropical house,6461487,Long Term
569,Bob Dylan,80,classic rock,4276151,Long Term
570,Bob Dylan,80,country rock,4276151,Long Term
571,Bob Dylan,80,folk,4276151,Long Term
572,Bob Dylan,80,folk rock,4276151,Long Term
573,Bob Dylan,80,rock,4276151,Long Term
574,Bob Dylan,80,roots rock,4276151,Long Term
575,Bob Dylan,80,singer-songwriter,4276151,Long Term
576,Tep No,63,deep house,69313,Long Term
577,Tep No,63,deep tropical house,69313,Long Term
578,Tep No,63,indie poptimism,69313,Long Term
579,Tep No,63,new french touch,69313,Long Term
580,Tep No,63,tropical house,69313,Long Term
581,Tep No,63,vapor soul,69313,Long Term
582,The Chainsmokers,88,dance pop,16311809,Long Term
583,The Chainsmokers,88,edm,16311809,Long Term
584,The Chainsmokers,88,electropop,16311809,Long Term
585,The Chainsmokers,88,pop,16311809,Long Term
586,The Chainsmokers,88,tropical house,16311809,Long Term
587,GRiZ,66,edm,293781,Long Term
588,GRiZ,66,electropop,293781,Long Term
589,GRiZ,66,jamtronica,293781,Long Term
590,GRiZ,66,jazztronica,293781,Long Term
591,GRiZ,66,livetronica,293781,Long Term
592,Masego,74,alternative r&b,609448,Long Term
593,Masego,74,indie soul,609448,Long Term
594,Don Diablo,78,big room,1612843,Long Term
595,Don Diablo,78,deep big room,1612843,Long Term
596,Don Diablo,78,edm,1612843,Long Term
597,Don Diablo,78,electro house,1612843,Long Term
598,Don Diablo,78,future house,1612843,Long Term
599,Don Diablo,78,house,1612843,Long Term
600,Don Diablo,78,pop,1612843,Long Term
601,Don Diablo,78,pop edm,1612843,Long Term
602,Don Diablo,78,progressive electro house,1612843,Long Term
603,Don Diablo,78,tropical house,1612843,Long Term
604,Drake,100,canadian hip hop,47497327,Long Term
605,Drake,100,canadian pop,47497327,Long Term
606,Drake,100,hip hop,47497327,Long Term
607,Drake,100,pop rap,47497327,Long Term
608,Drake,100,rap,47497327,Long Term
609,Drake,100,toronto rap,47497327,Long Term
610,RÜFÜS DU SOL,73,australian electropop,615941,Long Term
611,RÜFÜS DU SOL,73,indietronica,615941,Long Term
612,Gary Clark Jr.,66,blues rock,686093,Long Term
613,Gary Clark Jr.,66,electric blues,686093,Long Term
614,Gary Clark Jr.,66,funk,686093,Long Term
615,Gary Clark Jr.,66,modern blues,686093,Long Term
616,Gary Clark Jr.,66,modern blues rock,686093,Long Term
617,Gary Clark Jr.,66,rock,686093,Long Term
618,Gary Clark Jr.,66,soul blues,686093,Long Term
619,Gary Clark Jr.,66,texas blues,686093,Long Term
620,Calvin Harris,89,dance pop,20064754,Long Term
621,Calvin Harris,89,edm,20064754,Long Term
622,Calvin Harris,89,electro house,20064754,Long Term
623,Calvin Harris,89,house,20064754,Long Term
624,Calvin Harris,89,pop,20064754,Long Term
625,Calvin Harris,89,progressive house,20064754,Long Term
626,Calvin Harris,89,tropical house,20064754,Long Term
627,Calvin Harris,89,uk dance,20064754,Long Term
628,Childish Gambino,84,atl hip hop,6486681,Long Term
629,Childish Gambino,84,hip hop,6486681,Long Term
630,Childish Gambino,84,pop rap,6486681,Long Term
631,Childish Gambino,84,rap,6486681,Long Term
632,Logic,85,conscious hip hop,4704376,Long Term
633,Logic,85,dmv rap,4704376,Long Term
634,Logic,85,hip hop,4704376,Long Term
635,Logic,85,pop rap,4704376,Long Term
636,Logic,85,rap,4704376,Long Term
637,Lane 8,69,gauze pop,185372,Long Term
638,Lane 8,69,progressive house,185372,Long Term
639,Lane 8,69,tropical house,185372,Long Term
640,Moon Taxi,61,indie pop,145665,Long Term
641,Moon Taxi,61,indie poptimism,145665,Long Term
642,Moon Taxi,61,indietronica,145665,Long Term
643,Moon Taxi,61,modern alternative rock,145665,Long Term
644,Moon Taxi,61,modern rock,145665,Long Term
645,Moon Taxi,61,pop rock,145665,Long Term
646,Moon Taxi,61,stomp and holler,145665,Long Term
647,Hollow Coves,64,indie anthem-folk,167444,Long Term
648,Hollow Coves,64,indie folk,167444,Long Term
649,Hollow Coves,64,indiecoustica,167444,Long Term
650,Hollow Coves,64,stomp and holler,167444,Long Term
651,Red Hot Chili Peppers,87,alternative rock,13500804,Long Term
652,Red Hot Chili Peppers,87,funk metal,13500804,Long Term
653,Red Hot Chili Peppers,87,funk rock,13500804,Long Term
654,Red Hot Chili Peppers,87,permanent wave,13500804,Long Term
655,Red Hot Chili Peppers,87,post-grunge,13500804,Long Term
656,Red Hot Chili Peppers,87,rock,13500804,Long Term
657,Tourist,63,chillwave,104424,Long Term
658,Tourist,63,electronica,104424,Long Term
659,Tourist,63,indie soul,104424,Long Term
660,Tourist,63,indietronica,104424,Long Term
661,Tourist,63,new french touch,104424,Long Term
662,Tourist,63,shimmer pop,104424,Long Term
663,Tourist,63,tropical house,104424,Long Term
664,Tourist,63,vapor soul,104424,Long Term
665,Shallou,71,electropop,137319,Long Term
666,Shallou,71,indie poptimism,137319,Long Term
667,Shallou,71,indietronica,137319,Long Term
668,Shallou,71,new french touch,137319,Long Term
669,Shallou,71,pop,137319,Long Term
670,Shallou,71,tropical house,137319,Long Term
671,Shallou,71,vapor soul,137319,Long Term
672,Chet Faker,69,,53448,Long Term
673,America,72,album rock,917932,Long Term
674,America,72,art rock,917932,Long Term
675,America,72,classic rock,917932,Long Term
676,America,72,country rock,917932,Long Term
677,America,72,folk,917932,Long Term
678,America,72,folk rock,917932,Long Term
679,America,72,mellow gold,917932,Long Term
680,America,72,rock,917932,Long Term
681,America,72,roots rock,917932,Long Term
682,America,72,soft rock,917932,Long Term
683,Mtbrd,47,chillhop,12958,Long Term
684,Sam Feldt,82,edm,522059,Long Term
685,Sam Feldt,82,pop,522059,Long Term
686,Sam Feldt,82,pop edm,522059,Long Term
687,Sam Feldt,82,tropical house,522059,Long Term
688,Major Lazer,84,dance pop,6016487,Long Term
689,Major Lazer,84,edm,6016487,Long Term
690,Major Lazer,84,electro house,6016487,Long Term
691,Major Lazer,84,moombahton,6016487,Long Term
692,Major Lazer,84,pop,6016487,Long Term
693,Major Lazer,84,pop rap,6016487,Long Term
694,Kanye West,93,chicago rap,11904957,Long Term
695,Kanye West,93,rap,11904957,Long Term
696,Above & Beyond,71,edm,589211,Long Term
697,Above & Beyond,71,progressive house,589211,Long Term
698,Above & Beyond,71,progressive trance,589211,Long Term
699,Above & Beyond,71,trance,589211,Long Term
700,Above & Beyond,71,uplifting trance,589211,Long Term
701,Petit Biscuit,75,new french touch,750620,Long Term
702,Petit Biscuit,75,tropical house,750620,Long Term
703,Nora En Pure,68,deep house,204410,Long Term
704,Nora En Pure,68,deep tropical house,204410,Long Term
705,Nora En Pure,68,electra,204410,Long Term
706,Nora En Pure,68,house,204410,Long Term
707,Nora En Pure,68,new french touch,204410,Long Term
708,Nora En Pure,68,progressive house,204410,Long Term
709,Nora En Pure,68,swiss pop,204410,Long Term
710,Nora En Pure,68,tropical house,204410,Long Term
711,Ben Howard,73,british singer-songwriter,1727002,Long Term
712,Ben Howard,73,fingerstyle,1727002,Long Term
713,Ben Howard,73,folk-pop,1727002,Long Term
714,Ben Howard,73,indie folk,1727002,Long Term
715,Ben Howard,73,neo mellow,1727002,Long Term
716,Ben Howard,73,stomp and holler,1727002,Long Term
717,Led Zeppelin,83,album rock,9153816,Long Term
718,Led Zeppelin,83,classic rock,9153816,Long Term
719,Led Zeppelin,83,hard rock,9153816,Long Term
720,Led Zeppelin,83,rock,9153816,Long Term
721,Washed Out,63,alternative dance,380956,Long Term
722,Washed Out,63,chillwave,380956,Long Term
723,Washed Out,63,indie pop,380956,Long Term
724,Washed Out,63,indie rock,380956,Long Term
725,Washed Out,63,indietronica,380956,Long Term
726,Washed Out,63,neo-psychedelic,380956,Long Term
727,Washed Out,63,neo-synthpop,380956,Long Term
728,Washed Out,63,new rave,380956,Long Term
729,Washed Out,63,nu gaze,380956,Long Term
730,Washed Out,63,shimmer pop,380956,Long Term
731,Fleet Foxes,67,chamber pop,977965,Long Term
732,Fleet Foxes,67,freak folk,977965,Long Term
733,Fleet Foxes,67,indie folk,977965,Long Term
734,Fleet Foxes,67,indie pop,977965,Long Term
735,Fleet Foxes,67,indie rock,977965,Long Term
736,Fleet Foxes,67,modern rock,977965,Long Term
737,Fleet Foxes,67,seattle indie,977965,Long Term
738,Fleet Foxes,67,stomp and holler,977965,Long Term
